{"keycapProfileId":"kam","printType":"dyesub","keyboard":"humble61mxz","language":null,"name":null,"author":null,"mods":[],"extensions":[],"layers":[],"layoutKeys":[{"x":0.5,"y":0.25,"id":"OLPXP","sizeId":"1u","labelId":"space","rowNumber":1},{"x":1.5,"y":0.25,"id":"77JLI","sizeId":"1u","labelId":"space","rowNumber":1},{"x":2.5,"y":0.25,"id":"Y7N8K","sizeId":"1u","labelId":"space","rowNumber":1},{"x":3.5,"y":0.25,"id":"IH2KT","sizeId":"1u","labelId":"space","rowNumber":1},{"x":4.5,"y":0.25,"id":"8THXY","sizeId":"1u","labelId":"space","rowNumber":1},{"x":5.5,"y":0.25,"id":"4WKUR","sizeId":"1u","labelId":"space","rowNumber":1},{"x":7.5,"y":0.25,"id":"OL0GJ","sizeId":"1u","labelId":"space","rowNumber":1},{"x":8.5,"y":0.25,"id":"EWP4G","sizeId":"1u","labelId":"space","rowNumber":1},{"x":9.5,"y":0.25,"id":"UG83W","sizeId":"1u","labelId":"space","rowNumber":1},{"x":10.5,"y":0.25,"id":"QPLRM","sizeId":"1u","labelId":"space","rowNumber":1},{"x":11.5,"y":0.25,"id":"HIMTX","sizeId":"1u","labelId":"space","rowNumber":1},{"x":12.5,"y":0.25,"id":"648VZ","sizeId":"1u","labelId":"space","rowNumber":1},{"x":13.5,"y":0.25,"id":"EDUQJ","sizeId":"1u","labelId":"space","rowNumber":1},{"x":0,"y":1.25,"id":"67R26","sizeId":"1u","labelId":"space","rowNumber":2},{"x":1,"y":1.25,"id":"0TY7L","sizeId":"1u","labelId":"space","rowNumber":2},{"x":2,"y":1.25,"id":"D5HIV","sizeId":"1u","labelId":"space","rowNumber":2},{"x":3,"y":1.25,"id":"5H4OC","sizeId":"1u","labelId":"space","rowNumber":2},{"x":4,"y":1.25,"id":"XU9PY","sizeId":"1u","labelId":"space","rowNumber":2},{"x":5,"y":1.25,"id":"RZ7JW","sizeId":"1u","labelId":"space","rowNumber":2},{"x":8,"y":1.25,"id":"YN4IF","sizeId":"1u","labelId":"space","rowNumber":2},{"x":9,"y":1.25,"id":"BRUUB","sizeId":"1u","labelId":"space","rowNumber":2},{"x":10,"y":1.25,"id":"2GDVG","sizeId":"1u","labelId":"space","rowNumber":2},{"x":11,"y":1.25,"id":"QHMU7","sizeId":"1u","labelId":"space","rowNumber":2},{"x":12,"y":1.25,"id":"YTK2L","sizeId":"1u","labelId":"space","rowNumber":2},{"x":13,"y":1.25,"id":"QMDFF","sizeId":"1u","labelId":"space","rowNumber":2},{"x":0.25,"y":2.25,"id":"DG0TY","sizeId":"1u","labelId":"space","rowNumber":3},{"x":1.25,"y":2.25,"id":"LIIRV","sizeId":"1u","labelId":"space","rowNumber":3},{"x":2.25,"y":2.25,"id":"Z9BYB","sizeId":"1u","labelId":"space","rowNumber":3},{"x":3.25,"y":2.25,"id":"WOQ5Q","sizeId":"1u","labelId":"space","rowNumber":3},{"x":4.25,"y":2.25,"id":"8NLCF","sizeId":"1uh","labelId":"space","rowNumber":3},{"x":5.25,"y":2.25,"id":"PS7TT","sizeId":"1u","labelId":"space","rowNumber":3},{"x":8.25,"y":2.25,"id":"OVMBZ","sizeId":"1u","labelId":"space","rowNumber":3},{"x":9.25,"y":2.25,"id":"RJXIJ","sizeId":"1uh","labelId":"space","rowNumber":3},{"x":10.25,"y":2.25,"id":"J57I2","sizeId":"1u","labelId":"space","rowNumber":3},{"x":11.25,"y":2.25,"id":"563SI","sizeId":"1u","labelId":"space","rowNumber":3},{"x":12.25,"y":2.25,"id":"X8K1T","sizeId":"1u","labelId":"space","rowNumber":3},{"x":13.25,"y":2.25,"id":"7IKGF","sizeId":"1u","labelId":"space","rowNumber":3},{"x":0.75,"y":3.25,"id":"ICQ4N","sizeId":"1u","labelId":"space","rowNumber":4},{"x":1.75,"y":3.25,"id":"0PA27","sizeId":"1u","labelId":"space","rowNumber":4},{"x":2.75,"y":3.25,"id":"EGTAM","sizeId":"1u","labelId":"space","rowNumber":4},{"x":3.75,"y":3.25,"id":"98YIE","sizeId":"1u","labelId":"space","rowNumber":4},{"x":4.75,"y":3.25,"id":"AEQ7O","sizeId":"1u","labelId":"space","rowNumber":4},{"x":5.75,"y":3.25,"id":"TLXCW","sizeId":"1u","labelId":"space","rowNumber":4},{"x":8.75,"y":3.25,"id":"ONSQJ","sizeId":"1u","labelId":"space","rowNumber":4},{"x":9.75,"y":3.25,"id":"4I69S","sizeId":"1u","labelId":"space","rowNumber":4},{"x":10.75,"y":3.25,"id":"LYAMF","sizeId":"1u","labelId":"space","rowNumber":4},{"x":11.75,"y":3.25,"id":"PIFHJ","sizeId":"1u","labelId":"space","rowNumber":4},{"x":12.75,"y":3.25,"id":"QKF09","sizeId":"1u","labelId":"space","rowNumber":4},{"x":13.75,"y":3.25,"id":"O0L5F","sizeId":"1u","labelId":"space","rowNumber":4},{"x":0,"y":4.25,"id":"7476G","sizeId":"1u","labelId":"space","rowNumber":4},{"x":1.25,"y":4.25,"id":"0R3XR","sizeId":"1u","labelId":"space","rowNumber":4},{"x":2.25,"y":4.25,"id":"FLDGW","sizeId":"1u","labelId":"space","rowNumber":4},{"x":3.25,"y":4.25,"id":"UQ6UU","sizeId":"1u","labelId":"space","rowNumber":4},{"x":4.25,"y":4.25,"id":"JLAUS","sizeId":"1u","labelId":"space","rowNumber":4},{"x":5.25,"y":4.25,"id":"2NUEU","sizeId":"1u","labelId":"space","rowNumber":4},{"x":8.25,"y":4.25,"id":"HLB3V","sizeId":"1u","labelId":"space","rowNumber":4},{"x":9.25,"y":4.25,"id":"7ZH9Q","sizeId":"1u","labelId":"space","rowNumber":4},{"x":10.25,"y":4.25,"id":"6E2ZF","sizeId":"1u","labelId":"space","rowNumber":4},{"x":11.25,"y":4.25,"id":"HB86N","sizeId":"1u","labelId":"space","rowNumber":4},{"x":12.25,"y":4.25,"id":"W1UEH","sizeId":"1u","labelId":"space","rowNumber":4},{"x":13.25,"y":4.25,"id":"K08FA","sizeId":"1u","labelId":"space","rowNumber":4}],"profile":"cherry"}