{
    "layouts": {
        "LAYOUT": {
            "layout": [
                {
                    "row": 0,
                    "col": 1,
                    "x": 0,
                    "y": 0.25,
                    "w": 1,
                    "h": 1,
                    "r": 0,
                    "rx": 0,
                    "ry": 0.25
                },
                {
                    "row": 0,
                    "col": 2,
                    "x": 1,
                    "y": 0.25,
                    "w": 1,
                    "h": 1,
                    "r": 0,
                    "rx": 1,
                    "ry": 0.25
                },
                {
                    "row": 0,
                    "col": 3,
                    "x": 2,
                    "y": 0.25,
                    "w": 1,
                    "h": 1,
                    "r": 0,
                    "rx": 2,
                    "ry": 0.25
                },
                {
                    "row": 0,
                    "col": 4,
                    "x": 3,
                    "y": 0.25,
                    "w": 1,
                    "h": 1,
                    "r": 0,
                    "rx": 3,
                    "ry": 0.25
                },
                {
                    "row": 0,
                    "col": 5,
                    "x": 4,
                    "y": 0.25,
                    "w": 1,
                    "h": 1,
                    "r": 0,
                    "rx": 4,
                    "ry": 0.25
                },
                {
                    "row": 0,
                    "col": 6,
                    "x": 5,
                    "y": 0.25,
                    "w": 1,
                    "h": 1,
                    "r": 0,
                    "rx": 5,
                    "ry": 0.25
                },
                {
                    "row": 0,
                    "col": 7,
                    "x": 7,
                    "y": 0.25,
                    "w": 1,
                    "h": 1,
                    "r": 0,
                    "rx": 7,
                    "ry": 0.25
                },
                {
                    "row": 0,
                    "col": 8,
                    "x": 8,
                    "y": 0.25,
                    "w": 1,
                    "h": 1,
                    "r": 0,
                    "rx": 8,
                    "ry": 0.25
                },
                {
                    "row": 0,
                    "col": 9,
                    "x": 9,
                    "y": 0.25,
                    "w": 1,
                    "h": 1,
                    "r": 0,
                    "rx": 9,
                    "ry": 0.25
                },
                {
                    "row": 0,
                    "col": 10,
                    "x": 10,
                    "y": 0.25,
                    "w": 1,
                    "h": 1,
                    "r": 0,
                    "rx": 10,
                    "ry": 0.25
                },
                {
                    "row": 0,
                    "col": 11,
                    "x": 11,
                    "y": 0.25,
                    "w": 1,
                    "h": 1,
                    "r": 0,
                    "rx": 11,
                    "ry": 0.25
                },
                {
                    "row": 0,
                    "col": 12,
                    "x": 12,
                    "y": 0.25,
                    "w": 1,
                    "h": 1,
                    "r": 0,
                    "rx": 12,
                    "ry": 0.25
                },
                {
                    "row": 1,
                    "col": 0,
                    "x": -0.5,
                    "y": 1.25,
                    "w": 1,
                    "h": 1,
                    "r": 0,
                    "rx": -0.5,
                    "ry": 1.25
                },
                {
                    "row": 1,
                    "col": 1,
                    "x": 0.5,
                    "y": 1.25,
                    "w": 1,
                    "h": 1,
                    "r": 0,
                    "rx": 0.5,
                    "ry": 1.25
                },
                {
                    "row": 1,
                    "col": 2,
                    "x": 1.5,
                    "y": 1.25,
                    "w": 1,
                    "h": 1,
                    "r": 0,
                    "rx": 1.5,
                    "ry": 1.25
                },
                {
                    "row": 1,
                    "col": 3,
                    "x": 2.5,
                    "y": 1.25,
                    "w": 1,
                    "h": 1,
                    "r": 0,
                    "rx": 2.5,
                    "ry": 1.25
                },
                {
                    "row": 1,
                    "col": 4,
                    "x": 3.5,
                    "y": 1.25,
                    "w": 1,
                    "h": 1,
                    "r": 0,
                    "rx": 3.5,
                    "ry": 1.25
                },
                {
                    "row": 1,
                    "col": 5,
                    "x": 4.5,
                    "y": 1.25,
                    "w": 1,
                    "h": 1,
                    "r": 0,
                    "rx": 4.5,
                    "ry": 1.25
                },
                {
                    "row": 1,
                    "col": 6,
                    "x": 7.5,
                    "y": 1.25,
                    "w": 1,
                    "h": 1,
                    "r": 0,
                    "rx": 7.5,
                    "ry": 1.25
                },
                {
                    "row": 1,
                    "col": 7,
                    "x": 8.5,
                    "y": 1.25,
                    "w": 1,
                    "h": 1,
                    "r": 0,
                    "rx": 8.5,
                    "ry": 1.25
                },
                {
                    "row": 1,
                    "col": 8,
                    "x": 9.5,
                    "y": 1.25,
                    "w": 1,
                    "h": 1,
                    "r": 0,
                    "rx": 9.5,
                    "ry": 1.25
                },
                {
                    "row": 1,
                    "col": 9,
                    "x": 10.5,
                    "y": 1.25,
                    "w": 1,
                    "h": 1,
                    "r": 0,
                    "rx": 10.5,
                    "ry": 1.25
                },
                {
                    "row": 1,
                    "col": 10,
                    "x": 11.5,
                    "y": 1.25,
                    "w": 1,
                    "h": 1,
                    "r": 0,
                    "rx": 11.5,
                    "ry": 1.25
                },
                {
                    "row": 1,
                    "col": 11,
                    "x": 12.5,
                    "y": 1.25,
                    "w": 1,
                    "h": 1,
                    "r": 0,
                    "rx": 12.5,
                    "ry": 1.25
                },
                {
                    "row": 1,
                    "col": 12,
                    "x": 13,
                    "y": 0.25,
                    "w": 1,
                    "h": 1,
                    "r": 0,
                    "rx": 13,
                    "ry": 0.25
                },
                {
                    "row": 2,
                    "col": 0,
                    "x": -0.25,
                    "y": 2.25,
                    "w": 1,
                    "h": 1,
                    "r": 0,
                    "rx": -0.25,
                    "ry": 2.25
                },
                {
                    "row": 2,
                    "col": 1,
                    "x": 0.75,
                    "y": 2.25,
                    "w": 1,
                    "h": 1,
                    "r": 0,
                    "rx": 0.75,
                    "ry": 2.25
                },
                {
                    "row": 2,
                    "col": 2,
                    "x": 1.75,
                    "y": 2.25,
                    "w": 1,
                    "h": 1,
                    "r": 0,
                    "rx": 1.75,
                    "ry": 2.25
                },
                {
                    "row": 2,
                    "col": 3,
                    "x": 2.75,
                    "y": 2.25,
                    "w": 1,
                    "h": 1,
                    "r": 0,
                    "rx": 2.75,
                    "ry": 2.25
                },
                {
                    "row": 2,
                    "col": 4,
                    "x": 3.75,
                    "y": 2.25,
                    "w": 1,
                    "h": 1,
                    "r": 0,
                    "rx": 3.75,
                    "ry": 2.25
                },
                {
                    "row": 2,
                    "col": 5,
                    "x": 4.75,
                    "y": 2.25,
                    "w": 1,
                    "h": 1,
                    "r": 0,
                    "rx": 4.75,
                    "ry": 2.25
                },
                {
                    "row": 2,
                    "col": 6,
                    "x": 7.75,
                    "y": 2.25,
                    "w": 1,
                    "h": 1,
                    "r": 0,
                    "rx": 7.75,
                    "ry": 2.25
                },
                {
                    "row": 2,
                    "col": 7,
                    "x": 8.75,
                    "y": 2.25,
                    "w": 1,
                    "h": 1,
                    "r": 0,
                    "rx": 8.75,
                    "ry": 2.25
                },
                {
                    "row": 2,
                    "col": 8,
                    "x": 9.75,
                    "y": 2.25,
                    "w": 1,
                    "h": 1,
                    "r": 0,
                    "rx": 9.75,
                    "ry": 2.25
                },
                {
                    "row": 2,
                    "col": 9,
                    "x": 10.75,
                    "y": 2.25,
                    "w": 1,
                    "h": 1,
                    "r": 0,
                    "rx": 10.75,
                    "ry": 2.25
                },
                {
                    "row": 2,
                    "col": 10,
                    "x": 11.75,
                    "y": 2.25,
                    "w": 1,
                    "h": 1,
                    "r": 0,
                    "rx": 11.75,
                    "ry": 2.25
                },
                {
                    "row": 2,
                    "col": 11,
                    "x": 12.75,
                    "y": 2.25,
                    "w": 1,
                    "h": 1,
                    "r": 0,
                    "rx": 12.75,
                    "ry": 2.25
                },
                {
                    "row": 3,
                    "col": 0,
                    "x": 0.25,
                    "y": 3.25,
                    "w": 1,
                    "h": 1,
                    "r": 0,
                    "rx": 0.25,
                    "ry": 3.25
                },
                {
                    "row": 3,
                    "col": 1,
                    "x": 1.25,
                    "y": 3.25,
                    "w": 1,
                    "h": 1,
                    "r": 0,
                    "rx": 1.25,
                    "ry": 3.25
                },
                {
                    "row": 3,
                    "col": 2,
                    "x": 2.25,
                    "y": 3.25,
                    "w": 1,
                    "h": 1,
                    "r": 0,
                    "rx": 2.25,
                    "ry": 3.25
                },
                {
                    "row": 3,
                    "col": 3,
                    "x": 3.25,
                    "y": 3.25,
                    "w": 1,
                    "h": 1,
                    "r": 0,
                    "rx": 3.25,
                    "ry": 3.25
                },
                {
                    "row": 3,
                    "col": 4,
                    "x": 4.25,
                    "y": 3.25,
                    "w": 1,
                    "h": 1,
                    "r": 0,
                    "rx": 4.25,
                    "ry": 3.25
                },
                {
                    "row": 3,
                    "col": 5,
                    "x": 5.25,
                    "y": 3.25,
                    "w": 1,
                    "h": 1,
                    "r": 0,
                    "rx": 5.25,
                    "ry": 3.25
                },
                {
                    "row": 3,
                    "col": 6,
                    "x": 8.25,
                    "y": 3.25,
                    "w": 1,
                    "h": 1,
                    "r": 0,
                    "rx": 8.25,
                    "ry": 3.25
                },
                {
                    "row": 3,
                    "col": 7,
                    "x": 9.25,
                    "y": 3.25,
                    "w": 1,
                    "h": 1,
                    "r": 0,
                    "rx": 9.25,
                    "ry": 3.25
                },
                {
                    "row": 3,
                    "col": 8,
                    "x": 10.25,
                    "y": 3.25,
                    "w": 1,
                    "h": 1,
                    "r": 0,
                    "rx": 10.25,
                    "ry": 3.25
                },
                {
                    "row": 3,
                    "col": 9,
                    "x": 11.25,
                    "y": 3.25,
                    "w": 1,
                    "h": 1,
                    "r": 0,
                    "rx": 11.25,
                    "ry": 3.25
                },
                {
                    "row": 3,
                    "col": 10,
                    "x": 12.25,
                    "y": 3.25,
                    "w": 1,
                    "h": 1,
                    "r": 0,
                    "rx": 12.25,
                    "ry": 3.25
                },
                {
                    "row": 3,
                    "col": 11,
                    "x": 13.25,
                    "y": 3.25,
                    "w": 1,
                    "h": 1,
                    "r": 0,
                    "rx": 13.25,
                    "ry": 3.25
                },
                {
                    "row": 4,
                    "col": 0,
                    "x": -0.5,
                    "y": 4.25,
                    "w": 1,
                    "h": 1,
                    "r": 0,
                    "rx": -0.5,
                    "ry": 4.25
                },
                {
                    "row": 4,
                    "col": 1,
                    "x": 0.75,
                    "y": 4.25,
                    "w": 1,
                    "h": 1,
                    "r": 0,
                    "rx": 0.75,
                    "ry": 4.25
                },
                {
                    "row": 4,
                    "col": 2,
                    "x": 1.75,
                    "y": 4.25,
                    "w": 1,
                    "h": 1,
                    "r": 0,
                    "rx": 1.75,
                    "ry": 4.25
                },
                {
                    "row": 4,
                    "col": 3,
                    "x": 2.75,
                    "y": 4.25,
                    "w": 1,
                    "h": 1,
                    "r": 0,
                    "rx": 2.75,
                    "ry": 4.25
                },
                {
                    "row": 4,
                    "col": 4,
                    "x": 3.75,
                    "y": 4.25,
                    "w": 1,
                    "h": 1,
                    "r": 0,
                    "rx": 3.75,
                    "ry": 4.25
                },
                {
                    "row": 4,
                    "col": 5,
                    "x": 4.75,
                    "y": 4.25,
                    "w": 1,
                    "h": 1,
                    "r": 0,
                    "rx": 4.75,
                    "ry": 4.25
                },
                {
                    "row": 4,
                    "col": 7,
                    "x": 7.75,
                    "y": 4.25,
                    "w": 1,
                    "h": 1,
                    "r": 0,
                    "rx": 7.75,
                    "ry": 4.25
                },
                {
                    "row": 4,
                    "col": 8,
                    "x": 8.75,
                    "y": 4.25,
                    "w": 1,
                    "h": 1,
                    "r": 0,
                    "rx": 8.75,
                    "ry": 4.25
                },
                {
                    "row": 4,
                    "col": 9,
                    "x": 9.75,
                    "y": 4.25,
                    "w": 1,
                    "h": 1,
                    "r": 0,
                    "rx": 9.75,
                    "ry": 4.25
                },
                {
                    "row": 4,
                    "col": 10,
                    "x": 10.75,
                    "y": 4.25,
                    "w": 1,
                    "h": 1,
                    "r": 0,
                    "rx": 10.75,
                    "ry": 4.25
                },
                {
                    "row": 4,
                    "col": 11,
                    "x": 11.75,
                    "y": 4.25,
                    "w": 1,
                    "h": 1,
                    "r": 0,
                    "rx": 11.75,
                    "ry": 4.25
                },
                {
                    "row": 4,
                    "col": 12,
                    "x": 12.75,
                    "y": 4.25,
                    "w": 1,
                    "h": 1,
                    "r": 0,
                    "rx": 12.75,
                    "ry": 4.25
                }
            ]
        }
    }
}