{
    "layout": {
        "isSplit": false,
        "switchType": "mx-19",
        "keyboardName": "humble61mxz",
        "minStabilizer": 2,
        "controllerType": "wireless",
        "leftData": {
            "schemeVersion": "1.3",
            "modules": {
                "switch-00-00": {
                    "x": 0,
                    "y": 0.375,
                    "a": 0,
                    "width": 1,
                    "height": 1,
                    "row": 0,
                    "col": 0,
                    "enabled": false,
                    "moduleType": "switch",
                    "keycapOption": {
                        "rowIndex": "R1"
                    },
                    "variant": ""
                },
                "switch-00-01": {
                    "x": 0.5,
                    "y": 0.25,
                    "a": 0,
                    "width": 1,
                    "height": 1,
                    "row": 0,
                    "col": 1,
                    "enabled": true,
                    "moduleType": "switch",
                    "keycapOption": {
                        "rowIndex": "R1"
                    },
                    "variant": ""
                },
                "switch-00-02": {
                    "x": 1.5,
                    "y": 0.25,
                    "a": 0,
                    "width": 1,
                    "height": 1,
                    "row": 0,
                    "col": 2,
                    "enabled": true,
                    "moduleType": "switch",
                    "keycapOption": {
                        "rowIndex": "R1"
                    },
                    "variant": ""
                },
                "switch-00-03": {
                    "x": 2.5,
                    "y": 0.25,
                    "a": 0,
                    "width": 1,
                    "height": 1,
                    "row": 0,
                    "col": 3,
                    "enabled": true,
                    "moduleType": "switch",
                    "keycapOption": {
                        "rowIndex": "R1"
                    },
                    "variant": ""
                },
                "switch-00-04": {
                    "x": 3.5,
                    "y": 0.25,
                    "a": 0,
                    "width": 1,
                    "height": 1,
                    "row": 0,
                    "col": 4,
                    "enabled": true,
                    "moduleType": "switch",
                    "keycapOption": {
                        "rowIndex": "R1"
                    }
                },
                "switch-00-05": {
                    "x": 4.5,
                    "y": 0.25,
                    "a": 0,
                    "width": 1,
                    "height": 1,
                    "row": 0,
                    "col": 5,
                    "enabled": true,
                    "moduleType": "switch",
                    "keycapOption": {
                        "rowIndex": "R1"
                    },
                    "variant": ""
                },
                "switch-00-06": {
                    "x": 5.5,
                    "y": 0.25,
                    "a": 0,
                    "width": 1,
                    "height": 1,
                    "row": 0,
                    "col": 6,
                    "enabled": true,
                    "moduleType": "switch",
                    "keycapOption": {
                        "rowIndex": "R1"
                    },
                    "variant": ""
                },
                "switch-00-07": {
                    "x": 7.5,
                    "y": 0.25,
                    "a": 0,
                    "width": 1,
                    "height": 1,
                    "row": 0,
                    "col": 7,
                    "enabled": true,
                    "moduleType": "switch",
                    "keycapOption": {
                        "rowIndex": "R1"
                    },
                    "variant": ""
                },
                "switch-00-08": {
                    "x": 8.5,
                    "y": 0.25,
                    "a": 0,
                    "width": 1,
                    "height": 1,
                    "row": 0,
                    "col": 8,
                    "enabled": true,
                    "moduleType": "switch",
                    "keycapOption": {
                        "rowIndex": "R1"
                    }
                },
                "switch-00-09": {
                    "x": 9.5,
                    "y": 0.25,
                    "a": 0,
                    "width": 1,
                    "height": 1,
                    "row": 0,
                    "col": 9,
                    "enabled": true,
                    "moduleType": "switch",
                    "keycapOption": {
                        "rowIndex": "R1"
                    }
                },
                "switch-00-10": {
                    "x": 10.5,
                    "y": 0.25,
                    "a": 0,
                    "width": 1,
                    "height": 1,
                    "row": 0,
                    "col": 10,
                    "enabled": true,
                    "moduleType": "switch",
                    "keycapOption": {
                        "rowIndex": "R1"
                    }
                },
                "switch-00-11": {
                    "x": 11.5,
                    "y": 0.25,
                    "a": 0,
                    "width": 1,
                    "height": 1,
                    "row": 0,
                    "col": 11,
                    "enabled": true,
                    "moduleType": "switch",
                    "keycapOption": {
                        "rowIndex": "R1"
                    },
                    "variant": ""
                },
                "switch-00-12": {
                    "x": 12.5,
                    "y": 0.25,
                    "a": 0,
                    "width": 1,
                    "height": 1,
                    "row": 0,
                    "col": 12,
                    "enabled": true,
                    "moduleType": "switch",
                    "variant": "",
                    "keycapOption": {
                        "rowIndex": "R1"
                    }
                },
                "switch-01-00": {
                    "x": 0,
                    "y": 1.25,
                    "a": 0,
                    "width": 1,
                    "height": 1,
                    "row": 1,
                    "col": 0,
                    "enabled": true,
                    "moduleType": "switch",
                    "variant": "",
                    "keycapOption": {
                        "rowIndex": "R2",
                        "isHoming": false
                    }
                },
                "switch-01-01": {
                    "x": 1,
                    "y": 1.25,
                    "a": 0,
                    "width": 1,
                    "height": 1,
                    "row": 1,
                    "col": 1,
                    "enabled": true,
                    "moduleType": "switch",
                    "keycapOption": {
                        "rowIndex": "R2"
                    },
                    "variant": ""
                },
                "switch-01-02": {
                    "x": 2,
                    "y": 1.25,
                    "a": 0,
                    "width": 1,
                    "height": 1,
                    "row": 1,
                    "col": 2,
                    "enabled": true,
                    "moduleType": "switch",
                    "keycapOption": {
                        "rowIndex": "R2"
                    }
                },
                "switch-01-03": {
                    "x": 3,
                    "y": 1.25,
                    "a": 0,
                    "width": 1,
                    "height": 1,
                    "row": 1,
                    "col": 3,
                    "enabled": true,
                    "moduleType": "switch",
                    "keycapOption": {
                        "rowIndex": "R2"
                    }
                },
                "switch-01-04": {
                    "x": 4,
                    "y": 1.25,
                    "a": 0,
                    "width": 1,
                    "height": 1,
                    "row": 1,
                    "col": 4,
                    "enabled": true,
                    "moduleType": "switch",
                    "keycapOption": {
                        "rowIndex": "R2"
                    }
                },
                "switch-01-05": {
                    "x": 5,
                    "y": 1.25,
                    "a": 0,
                    "width": 1,
                    "height": 1,
                    "row": 1,
                    "col": 5,
                    "enabled": true,
                    "moduleType": "switch",
                    "keycapOption": {
                        "rowIndex": "R2"
                    }
                },
                "switch-01-06": {
                    "x": 8,
                    "y": 1.25,
                    "a": 0,
                    "width": 1,
                    "height": 1,
                    "row": 1,
                    "col": 6,
                    "enabled": true,
                    "moduleType": "switch",
                    "keycapOption": {
                        "rowIndex": "R2"
                    },
                    "variant": ""
                },
                "switch-01-07": {
                    "x": 9,
                    "y": 1.25,
                    "a": 0,
                    "width": 1,
                    "height": 1,
                    "row": 1,
                    "col": 7,
                    "enabled": true,
                    "moduleType": "switch",
                    "keycapOption": {
                        "rowIndex": "R2"
                    }
                },
                "switch-01-08": {
                    "x": 10,
                    "y": 1.25,
                    "a": 0,
                    "width": 1,
                    "height": 1,
                    "row": 1,
                    "col": 8,
                    "enabled": true,
                    "moduleType": "switch",
                    "keycapOption": {
                        "rowIndex": "R2"
                    }
                },
                "switch-01-09": {
                    "x": 11,
                    "y": 1.25,
                    "a": 0,
                    "width": 1,
                    "height": 1,
                    "row": 1,
                    "col": 9,
                    "enabled": true,
                    "moduleType": "switch",
                    "keycapOption": {
                        "rowIndex": "R2"
                    }
                },
                "switch-01-10": {
                    "x": 12,
                    "y": 1.25,
                    "a": 0,
                    "width": 1,
                    "height": 1,
                    "row": 1,
                    "col": 10,
                    "enabled": true,
                    "moduleType": "switch",
                    "keycapOption": {
                        "rowIndex": "R2"
                    }
                },
                "switch-01-11": {
                    "x": 13,
                    "y": 1.25,
                    "a": 0,
                    "width": 1,
                    "height": 1,
                    "row": 1,
                    "col": 11,
                    "enabled": true,
                    "moduleType": "switch",
                    "keycapOption": {
                        "rowIndex": "R2"
                    }
                },
                "switch-01-12": {
                    "x": 13.5,
                    "y": 0.25,
                    "a": 0,
                    "width": 1,
                    "height": 1,
                    "row": 1,
                    "col": 12,
                    "enabled": true,
                    "moduleType": "switch",
                    "variant": "",
                    "keycapOption": {
                        "rowIndex": "R1"
                    }
                },
                "switch-02-00": {
                    "x": 0.25,
                    "y": 2.25,
                    "a": 0,
                    "width": 1,
                    "height": 1,
                    "row": 2,
                    "col": 0,
                    "enabled": true,
                    "moduleType": "switch",
                    "variant": "",
                    "keycapOption": {
                        "rowIndex": "R3",
                        "isHoming": false
                    }
                },
                "switch-02-01": {
                    "x": 1.25,
                    "y": 2.25,
                    "a": 0,
                    "width": 1,
                    "height": 1,
                    "row": 2,
                    "col": 1,
                    "enabled": true,
                    "moduleType": "switch",
                    "keycapOption": {
                        "rowIndex": "R3"
                    },
                    "variant": ""
                },
                "switch-02-02": {
                    "x": 2.25,
                    "y": 2.25,
                    "a": 0,
                    "width": 1,
                    "height": 1,
                    "row": 2,
                    "col": 2,
                    "enabled": true,
                    "moduleType": "switch",
                    "keycapOption": {
                        "rowIndex": "R3"
                    },
                    "variant": ""
                },
                "switch-02-03": {
                    "x": 3.25,
                    "y": 2.25,
                    "a": 0,
                    "width": 1,
                    "height": 1,
                    "row": 2,
                    "col": 3,
                    "enabled": true,
                    "moduleType": "switch",
                    "keycapOption": {
                        "rowIndex": "R3"
                    }
                },
                "switch-02-04": {
                    "x": 4.25,
                    "y": 2.25,
                    "a": 0,
                    "width": 1,
                    "height": 1,
                    "row": 2,
                    "col": 4,
                    "enabled": true,
                    "moduleType": "switch",
                    "variant": "",
                    "keycapOption": {
                        "rowIndex": "R3",
                        "isHoming": true
                    }
                },
                "switch-02-05": {
                    "x": 5.25,
                    "y": 2.25,
                    "a": 0,
                    "width": 1,
                    "height": 1,
                    "row": 2,
                    "col": 5,
                    "enabled": true,
                    "moduleType": "switch",
                    "keycapOption": {
                        "rowIndex": "R3"
                    }
                },
                "switch-02-06": {
                    "x": 8.25,
                    "y": 2.25,
                    "a": 0,
                    "width": 1,
                    "height": 1,
                    "row": 2,
                    "col": 6,
                    "enabled": true,
                    "moduleType": "switch",
                    "keycapOption": {
                        "rowIndex": "R3"
                    },
                    "variant": ""
                },
                "switch-02-07": {
                    "x": 9.25,
                    "y": 2.25,
                    "a": 0,
                    "width": 1,
                    "height": 1,
                    "row": 2,
                    "col": 7,
                    "enabled": true,
                    "moduleType": "switch",
                    "keycapOption": {
                        "rowIndex": "R3",
                        "isHoming": true
                    },
                    "variant": ""
                },
                "switch-02-08": {
                    "x": 10.25,
                    "y": 2.25,
                    "a": 0,
                    "width": 1,
                    "height": 1,
                    "row": 2,
                    "col": 8,
                    "enabled": true,
                    "moduleType": "switch",
                    "keycapOption": {
                        "rowIndex": "R3"
                    }
                },
                "switch-02-09": {
                    "x": 11.25,
                    "y": 2.25,
                    "a": 0,
                    "width": 1,
                    "height": 1,
                    "row": 2,
                    "col": 9,
                    "enabled": true,
                    "moduleType": "switch",
                    "keycapOption": {
                        "rowIndex": "R3"
                    }
                },
                "switch-02-10": {
                    "x": 12.25,
                    "y": 2.25,
                    "a": 0,
                    "width": 1,
                    "height": 1,
                    "row": 2,
                    "col": 10,
                    "enabled": true,
                    "moduleType": "switch",
                    "keycapOption": {
                        "rowIndex": "R3"
                    }
                },
                "switch-02-11": {
                    "x": 13.25,
                    "y": 2.25,
                    "a": 0,
                    "width": 1,
                    "height": 1,
                    "row": 2,
                    "col": 11,
                    "enabled": true,
                    "moduleType": "switch",
                    "variant": "",
                    "keycapOption": {
                        "rowIndex": "R3"
                    }
                },
                "switch-02-12": {
                    "x": 13.5,
                    "y": 1.375,
                    "a": 0,
                    "width": 1,
                    "height": 1,
                    "row": 2,
                    "col": 12,
                    "enabled": false,
                    "moduleType": "switch",
                    "variant": "",
                    "keycapOption": {
                        "rowIndex": "R2"
                    }
                },
                "switch-03-00": {
                    "x": 0.75,
                    "y": 3.25,
                    "a": 0,
                    "width": 1,
                    "height": 1,
                    "row": 3,
                    "col": 0,
                    "enabled": true,
                    "moduleType": "switch",
                    "variant": "",
                    "keycapOption": {
                        "rowIndex": "R4",
                        "isHoming": false
                    }
                },
                "switch-03-01": {
                    "x": 1.75,
                    "y": 3.25,
                    "a": 0,
                    "width": 1,
                    "height": 1,
                    "row": 3,
                    "col": 1,
                    "enabled": true,
                    "moduleType": "switch",
                    "keycapOption": {
                        "rowIndex": "R4"
                    }
                },
                "switch-03-02": {
                    "x": 2.75,
                    "y": 3.25,
                    "a": 0,
                    "width": 1,
                    "height": 1,
                    "row": 3,
                    "col": 2,
                    "enabled": true,
                    "moduleType": "switch",
                    "keycapOption": {
                        "rowIndex": "R4"
                    }
                },
                "switch-03-03": {
                    "x": 3.75,
                    "y": 3.25,
                    "a": 0,
                    "width": 1,
                    "height": 1,
                    "row": 3,
                    "col": 3,
                    "enabled": true,
                    "moduleType": "switch",
                    "keycapOption": {
                        "rowIndex": "R4"
                    }
                },
                "switch-03-04": {
                    "x": 4.75,
                    "y": 3.25,
                    "a": 0,
                    "width": 1,
                    "height": 1,
                    "row": 3,
                    "col": 4,
                    "enabled": true,
                    "moduleType": "switch",
                    "keycapOption": {
                        "rowIndex": "R4"
                    }
                },
                "switch-03-05": {
                    "x": 5.75,
                    "y": 3.25,
                    "a": 0,
                    "width": 1,
                    "height": 1,
                    "row": 3,
                    "col": 5,
                    "enabled": true,
                    "moduleType": "switch",
                    "keycapOption": {
                        "rowIndex": "R4"
                    }
                },
                "switch-03-06": {
                    "x": 8.75,
                    "y": 3.25,
                    "a": 0,
                    "width": 1,
                    "height": 1,
                    "row": 3,
                    "col": 6,
                    "enabled": true,
                    "moduleType": "switch",
                    "keycapOption": {
                        "rowIndex": "R4"
                    },
                    "variant": ""
                },
                "switch-03-07": {
                    "x": 9.75,
                    "y": 3.25,
                    "a": 0,
                    "width": 1,
                    "height": 1,
                    "row": 3,
                    "col": 7,
                    "enabled": true,
                    "moduleType": "switch",
                    "keycapOption": {
                        "rowIndex": "R4"
                    },
                    "variant": ""
                },
                "switch-03-08": {
                    "x": 10.75,
                    "y": 3.25,
                    "a": 0,
                    "width": 1,
                    "height": 1,
                    "row": 3,
                    "col": 8,
                    "enabled": true,
                    "moduleType": "switch",
                    "keycapOption": {
                        "rowIndex": "R4"
                    }
                },
                "switch-03-09": {
                    "x": 11.75,
                    "y": 3.25,
                    "a": 0,
                    "width": 1,
                    "height": 1,
                    "row": 3,
                    "col": 9,
                    "enabled": true,
                    "moduleType": "switch",
                    "keycapOption": {
                        "rowIndex": "R4"
                    }
                },
                "switch-03-10": {
                    "x": 12.75,
                    "y": 3.25,
                    "a": 0,
                    "width": 1,
                    "height": 1,
                    "row": 3,
                    "col": 10,
                    "enabled": true,
                    "moduleType": "switch",
                    "keycapOption": {
                        "rowIndex": "R4"
                    }
                },
                "switch-03-11": {
                    "x": 13.75,
                    "y": 3.25,
                    "a": 0,
                    "width": 1,
                    "height": 1,
                    "row": 3,
                    "col": 11,
                    "enabled": true,
                    "moduleType": "switch",
                    "variant": "",
                    "keycapOption": {
                        "rowIndex": "R4"
                    }
                },
                "switch-03-12": {
                    "x": 14.25,
                    "y": 3.375,
                    "a": 0,
                    "width": 1,
                    "height": 1,
                    "row": 3,
                    "col": 12,
                    "enabled": false,
                    "moduleType": "switch",
                    "variant": "",
                    "keycapOption": {
                        "rowIndex": "R1"
                    }
                },
                "switch-04-00": {
                    "x": 0,
                    "y": 4.25,
                    "a": 0,
                    "width": 1,
                    "height": 1,
                    "row": 4,
                    "col": 0,
                    "enabled": true,
                    "moduleType": "switch",
                    "variant": "",
                    "keycapOption": {
                        "rowIndex": "R4"
                    }
                },
                "switch-04-01": {
                    "x": 1.25,
                    "y": 4.25,
                    "a": 0,
                    "width": 1,
                    "height": 1,
                    "row": 4,
                    "col": 1,
                    "enabled": true,
                    "moduleType": "switch",
                    "keycapOption": {
                        "rowIndex": "R4"
                    },
                    "variant": ""
                },
                "switch-04-02": {
                    "x": 2.25,
                    "y": 4.25,
                    "a": 0,
                    "width": 1,
                    "height": 1,
                    "row": 4,
                    "col": 2,
                    "enabled": true,
                    "moduleType": "switch",
                    "variant": "",
                    "keycapOption": {
                        "rowIndex": "R4"
                    }
                },
                "switch-04-03": {
                    "x": 3.25,
                    "y": 4.25,
                    "a": 0,
                    "width": 1,
                    "height": 1,
                    "row": 4,
                    "col": 3,
                    "enabled": true,
                    "moduleType": "switch",
                    "variant": "",
                    "keycapOption": {
                        "rowIndex": "R4"
                    }
                },
                "switch-04-04": {
                    "x": 4.25,
                    "y": 4.25,
                    "a": 0,
                    "width": 1,
                    "height": 1,
                    "row": 4,
                    "col": 4,
                    "enabled": true,
                    "moduleType": "switch",
                    "variant": "",
                    "keycapOption": {
                        "rowIndex": "R4",
                        "isHoming": false
                    }
                },
                "switch-04-05": {
                    "x": 5.25,
                    "y": 4.25,
                    "a": 0,
                    "width": 1,
                    "height": 1,
                    "row": 4,
                    "col": 5,
                    "enabled": true,
                    "moduleType": "switch",
                    "variant": "",
                    "keycapOption": {
                        "rowIndex": "R4"
                    }
                },
                "switch-04-06": {
                    "x": 7.25,
                    "y": 4,
                    "a": 0,
                    "width": 1,
                    "height": 1,
                    "row": 4,
                    "col": 6,
                    "enabled": false,
                    "moduleType": "switch",
                    "variant": "",
                    "keycapOption": {
                        "rowIndex": "R4"
                    }
                },
                "switch-04-07": {
                    "x": 8.25,
                    "y": 4.25,
                    "a": 0,
                    "width": 1,
                    "height": 1,
                    "row": 4,
                    "col": 7,
                    "enabled": true,
                    "moduleType": "switch",
                    "variant": "",
                    "keycapOption": {
                        "rowIndex": "R4"
                    }
                },
                "switch-04-08": {
                    "x": 9.25,
                    "y": 4.25,
                    "a": 0,
                    "width": 1,
                    "height": 1,
                    "row": 4,
                    "col": 8,
                    "enabled": true,
                    "moduleType": "switch",
                    "variant": "",
                    "keycapOption": {
                        "rowIndex": "R4"
                    }
                },
                "switch-04-09": {
                    "x": 10.25,
                    "y": 4.25,
                    "a": 0,
                    "width": 1,
                    "height": 1,
                    "row": 4,
                    "col": 9,
                    "enabled": true,
                    "moduleType": "switch",
                    "variant": "",
                    "keycapOption": {
                        "rowIndex": "R4"
                    }
                },
                "switch-04-10": {
                    "x": 11.25,
                    "y": 4.25,
                    "a": 0,
                    "width": 1,
                    "height": 1,
                    "row": 4,
                    "col": 10,
                    "enabled": true,
                    "moduleType": "switch",
                    "variant": "",
                    "keycapOption": {
                        "rowIndex": "R4"
                    }
                },
                "switch-04-11": {
                    "x": 12.25,
                    "y": 4.25,
                    "a": 0,
                    "width": 1,
                    "height": 1,
                    "row": 4,
                    "col": 11,
                    "enabled": true,
                    "moduleType": "switch",
                    "variant": "",
                    "keycapOption": {
                        "rowIndex": "R4",
                        "isHoming": false
                    }
                },
                "switch-04-12": {
                    "x": 13.25,
                    "y": 4.25,
                    "a": 0,
                    "width": 1,
                    "height": 1,
                    "row": 4,
                    "col": 12,
                    "enabled": true,
                    "moduleType": "switch",
                    "variant": "",
                    "keycapOption": {
                        "rowIndex": "R4",
                        "isHoming": false
                    }
                },
                "switch-05-00": {
                    "x": 0,
                    "y": 5.375,
                    "a": 0,
                    "width": 1,
                    "height": 1,
                    "row": 5,
                    "col": 0,
                    "enabled": false,
                    "moduleType": "switch"
                },
                "switch-05-01": {
                    "x": 1,
                    "y": 5.375,
                    "a": 0,
                    "width": 1,
                    "height": 1,
                    "row": 5,
                    "col": 1,
                    "enabled": false,
                    "moduleType": "switch"
                },
                "switch-05-02": {
                    "x": 2,
                    "y": 5.375,
                    "a": 0,
                    "width": 1,
                    "height": 1,
                    "row": 5,
                    "col": 2,
                    "enabled": false,
                    "moduleType": "switch"
                },
                "switch-05-03": {
                    "x": 3,
                    "y": 5.375,
                    "a": 0,
                    "width": 1,
                    "height": 1,
                    "row": 5,
                    "col": 3,
                    "enabled": false,
                    "moduleType": "switch"
                },
                "switch-05-04": {
                    "x": 4,
                    "y": 5.375,
                    "a": 0,
                    "width": 1,
                    "height": 1,
                    "row": 5,
                    "col": 4,
                    "enabled": false,
                    "moduleType": "switch"
                },
                "switch-05-05": {
                    "x": 5,
                    "y": 5.375,
                    "a": 0,
                    "width": 1,
                    "height": 1,
                    "row": 5,
                    "col": 5,
                    "enabled": false,
                    "moduleType": "switch"
                },
                "switch-05-06": {
                    "x": 6,
                    "y": 5.375,
                    "a": 0,
                    "width": 1,
                    "height": 1,
                    "row": 5,
                    "col": 6,
                    "enabled": false,
                    "moduleType": "switch"
                },
                "switch-05-07": {
                    "x": 7,
                    "y": 5.375,
                    "a": 0,
                    "width": 1,
                    "height": 1,
                    "row": 5,
                    "col": 7,
                    "enabled": false,
                    "moduleType": "switch"
                },
                "switch-05-08": {
                    "x": 8,
                    "y": 5.375,
                    "a": 0,
                    "width": 1,
                    "height": 1,
                    "row": 5,
                    "col": 8,
                    "enabled": false,
                    "moduleType": "switch"
                },
                "switch-05-09": {
                    "x": 9,
                    "y": 5.375,
                    "a": 0,
                    "width": 1,
                    "height": 1,
                    "row": 5,
                    "col": 9,
                    "enabled": false,
                    "moduleType": "switch"
                },
                "switch-05-10": {
                    "x": 10,
                    "y": 5.375,
                    "a": 0,
                    "width": 1,
                    "height": 1,
                    "row": 5,
                    "col": 10,
                    "enabled": false,
                    "moduleType": "switch"
                },
                "switch-05-11": {
                    "x": 11,
                    "y": 5.375,
                    "a": 0,
                    "width": 1,
                    "height": 1,
                    "row": 5,
                    "col": 11,
                    "enabled": false,
                    "moduleType": "switch"
                },
                "switch-05-12": {
                    "x": 12,
                    "y": 5.375,
                    "a": 0,
                    "width": 1,
                    "height": 1,
                    "row": 5,
                    "col": 12,
                    "enabled": false,
                    "moduleType": "switch"
                },
                "controller": {
                    "x": 3.5,
                    "y": 0.279,
                    "a": 0,
                    "width": 0,
                    "height": 1,
                    "row": 6,
                    "col": 0,
                    "enabled": true,
                    "moduleType": "controller",
                    "variant": "side2"
                },
                "encoder": {
                    "x": 0,
                    "y": 0.375,
                    "a": 0,
                    "width": 1,
                    "height": 1,
                    "row": 6,
                    "col": 1,
                    "enabled": false,
                    "moduleType": "encoder"
                },
                "trackball": {
                    "x": 6.875,
                    "y": 4.375,
                    "a": -90,
                    "width": 2,
                    "height": 2,
                    "row": 6,
                    "col": 2,
                    "enabled": false,
                    "moduleType": "trackball",
                    "variant": "thumb-25"
                },
                "trackpad": {
                    "x": 0,
                    "y": 0.375,
                    "a": 0,
                    "width": 2,
                    "height": 2,
                    "row": 5,
                    "col": 3,
                    "enabled": false,
                    "moduleType": "trackpad",
                    "variant": "circle-30"
                },
                "switch-00-13": {
                    "x": 13,
                    "y": 0.65,
                    "a": 0,
                    "width": 1,
                    "height": 1,
                    "row": 0,
                    "col": 13,
                    "enabled": false,
                    "moduleType": "switch",
                    "variant": "default"
                },
                "switch-01-13": {
                    "x": 13,
                    "y": 1.6500000000000001,
                    "a": 0,
                    "width": 1,
                    "height": 1,
                    "row": 1,
                    "col": 13,
                    "enabled": false,
                    "moduleType": "switch",
                    "variant": "default"
                },
                "switch-02-13": {
                    "x": 13,
                    "y": 2.6499999999999995,
                    "a": 0,
                    "width": 1,
                    "height": 1,
                    "row": 2,
                    "col": 13,
                    "enabled": false,
                    "moduleType": "switch",
                    "variant": "default"
                },
                "switch-00-14": {
                    "x": 14,
                    "y": 0.375,
                    "a": 0,
                    "width": 1,
                    "height": 1,
                    "row": 0,
                    "col": 14,
                    "enabled": false,
                    "moduleType": "switch"
                },
                "switch-01-14": {
                    "x": 14,
                    "y": 1.375,
                    "a": 0,
                    "width": 1,
                    "height": 1,
                    "row": 1,
                    "col": 14,
                    "enabled": false,
                    "moduleType": "switch"
                },
                "switch-02-14": {
                    "x": 14,
                    "y": 2.375,
                    "a": 0,
                    "width": 1,
                    "height": 1,
                    "row": 2,
                    "col": 14,
                    "enabled": false,
                    "moduleType": "switch"
                },
                "switch-03-13": {
                    "x": 13,
                    "y": 3.6499999999999995,
                    "a": 0,
                    "width": 1,
                    "height": 1,
                    "row": 3,
                    "col": 13,
                    "enabled": false,
                    "moduleType": "switch",
                    "variant": "default"
                },
                "switch-00-15": {
                    "x": 15,
                    "y": 0.375,
                    "a": 0,
                    "width": 1,
                    "height": 1,
                    "row": 0,
                    "col": 15,
                    "enabled": false,
                    "moduleType": "switch"
                },
                "switch-00-16": {
                    "x": 16,
                    "y": 0.375,
                    "a": 0,
                    "width": 1,
                    "height": 1,
                    "row": 0,
                    "col": 16,
                    "enabled": false,
                    "moduleType": "switch"
                },
                "switch-03-14": {
                    "x": 14,
                    "y": 3.375,
                    "a": 0,
                    "width": 1,
                    "height": 1,
                    "row": 3,
                    "col": 14,
                    "enabled": false,
                    "moduleType": "switch"
                },
                "switch-01-15": {
                    "x": 15,
                    "y": 1.375,
                    "a": 0,
                    "width": 1,
                    "height": 1,
                    "row": 1,
                    "col": 15,
                    "enabled": false,
                    "moduleType": "switch"
                },
                "switch-02-15": {
                    "x": 15,
                    "y": 2.375,
                    "a": 0,
                    "width": 1,
                    "height": 1,
                    "row": 2,
                    "col": 15,
                    "enabled": false,
                    "moduleType": "switch"
                },
                "switch-03-15": {
                    "x": 15,
                    "y": 3.375,
                    "a": 0,
                    "width": 1,
                    "height": 1,
                    "row": 3,
                    "col": 15,
                    "enabled": false,
                    "moduleType": "switch"
                },
                "switch-01-16": {
                    "x": 16,
                    "y": 1.375,
                    "a": 0,
                    "width": 1,
                    "height": 1,
                    "row": 1,
                    "col": 16,
                    "enabled": false,
                    "moduleType": "switch"
                },
                "switch-02-16": {
                    "x": 16,
                    "y": 2.375,
                    "a": 0,
                    "width": 1,
                    "height": 1,
                    "row": 2,
                    "col": 16,
                    "enabled": false,
                    "moduleType": "switch"
                },
                "switch-03-16": {
                    "x": 16,
                    "y": 3.375,
                    "a": 0,
                    "width": 1,
                    "height": 1,
                    "row": 3,
                    "col": 16,
                    "enabled": false,
                    "moduleType": "switch"
                },
                "switch-00-17": {
                    "x": 17,
                    "y": 0.375,
                    "a": 0,
                    "width": 1,
                    "height": 1,
                    "row": 0,
                    "col": 17,
                    "enabled": false,
                    "moduleType": "switch"
                },
                "switch-01-17": {
                    "x": 17,
                    "y": 1.375,
                    "a": 0,
                    "width": 1,
                    "height": 1,
                    "row": 1,
                    "col": 17,
                    "enabled": false,
                    "moduleType": "switch"
                },
                "switch-02-17": {
                    "x": 17,
                    "y": 2.375,
                    "a": 0,
                    "width": 1,
                    "height": 1,
                    "row": 2,
                    "col": 17,
                    "enabled": false,
                    "moduleType": "switch"
                },
                "switch-03-17": {
                    "x": 17,
                    "y": 3.375,
                    "a": 0,
                    "width": 1,
                    "height": 1,
                    "row": 3,
                    "col": 17,
                    "enabled": false,
                    "moduleType": "switch"
                },
                "switch-06-00": {
                    "x": 0,
                    "y": 6.375,
                    "a": 0,
                    "width": 1,
                    "height": 1,
                    "row": 6,
                    "col": 0,
                    "enabled": false,
                    "moduleType": "switch"
                },
                "switch-06-01": {
                    "x": 1,
                    "y": 6.375,
                    "a": 0,
                    "width": 1,
                    "height": 1,
                    "row": 6,
                    "col": 1,
                    "enabled": false,
                    "moduleType": "switch"
                },
                "switch-06-02": {
                    "x": 2,
                    "y": 6.375,
                    "a": 0,
                    "width": 1,
                    "height": 1,
                    "row": 6,
                    "col": 2,
                    "enabled": false,
                    "moduleType": "switch"
                },
                "switch-06-03": {
                    "x": 3,
                    "y": 6.375,
                    "a": 0,
                    "width": 1,
                    "height": 1,
                    "row": 6,
                    "col": 3,
                    "enabled": false,
                    "moduleType": "switch"
                },
                "switch-06-04": {
                    "x": 4,
                    "y": 6.375,
                    "a": 0,
                    "width": 1,
                    "height": 1,
                    "row": 6,
                    "col": 4,
                    "enabled": false,
                    "moduleType": "switch"
                },
                "switch-06-05": {
                    "x": 5,
                    "y": 6.375,
                    "a": 0,
                    "width": 1,
                    "height": 1,
                    "row": 6,
                    "col": 5,
                    "enabled": false,
                    "moduleType": "switch"
                },
                "padding-00": {
                    "x": 6.875,
                    "y": 2.125,
                    "a": 0,
                    "width": 14.75,
                    "height": 5.25,
                    "row": 0,
                    "col": 0,
                    "enabled": true,
                    "moduleType": "padding",
                    "variant": "board"
                }
            },
            "row": 5,
            "col": 13
        },
        "rightData": {
            "schemeVersion": "1.3",
            "modules": {
                "switch-00-00": {
                    "x": 0,
                    "y": 0,
                    "a": 0,
                    "width": 1,
                    "height": 1,
                    "row": 0,
                    "col": 0,
                    "enabled": true,
                    "moduleType": "switch"
                },
                "switch-00-01": {
                    "x": 1,
                    "y": 0,
                    "a": 0,
                    "width": 1,
                    "height": 1,
                    "row": 0,
                    "col": 1,
                    "enabled": true,
                    "moduleType": "switch"
                },
                "switch-00-02": {
                    "x": 2,
                    "y": 0,
                    "a": 0,
                    "width": 1,
                    "height": 1,
                    "row": 0,
                    "col": 2,
                    "enabled": true,
                    "moduleType": "switch"
                },
                "switch-00-03": {
                    "x": 3,
                    "y": 0,
                    "a": 0,
                    "width": 1,
                    "height": 1,
                    "row": 0,
                    "col": 3,
                    "enabled": true,
                    "moduleType": "switch"
                },
                "switch-00-04": {
                    "x": 4,
                    "y": 0,
                    "a": 0,
                    "width": 1,
                    "height": 1,
                    "row": 0,
                    "col": 4,
                    "enabled": true,
                    "moduleType": "switch"
                },
                "switch-00-05": {
                    "x": 5,
                    "y": 0,
                    "a": 0,
                    "width": 1,
                    "height": 1,
                    "row": 0,
                    "col": 5,
                    "enabled": true,
                    "moduleType": "switch"
                },
                "switch-00-06": {
                    "x": 6,
                    "y": 0,
                    "a": 0,
                    "width": 1,
                    "height": 1,
                    "row": 0,
                    "col": 6,
                    "enabled": true,
                    "moduleType": "switch"
                },
                "switch-00-07": {
                    "x": 7,
                    "y": 0,
                    "a": 0,
                    "width": 1,
                    "height": 1,
                    "row": 0,
                    "col": 7,
                    "enabled": true,
                    "moduleType": "switch"
                },
                "switch-00-08": {
                    "x": 8,
                    "y": 0,
                    "a": 0,
                    "width": 1,
                    "height": 1,
                    "row": 0,
                    "col": 8,
                    "enabled": true,
                    "moduleType": "switch"
                },
                "switch-00-09": {
                    "x": 9,
                    "y": 0,
                    "a": 0,
                    "width": 1,
                    "height": 1,
                    "row": 0,
                    "col": 9,
                    "enabled": true,
                    "moduleType": "switch"
                },
                "switch-00-10": {
                    "x": 10,
                    "y": 0,
                    "a": 0,
                    "width": 1,
                    "height": 1,
                    "row": 0,
                    "col": 10,
                    "enabled": true,
                    "moduleType": "switch"
                },
                "switch-00-11": {
                    "x": 11,
                    "y": 0,
                    "a": 0,
                    "width": 1,
                    "height": 1,
                    "row": 0,
                    "col": 11,
                    "enabled": true,
                    "moduleType": "switch"
                },
                "switch-00-12": {
                    "x": 12,
                    "y": 0,
                    "a": 0,
                    "width": 1,
                    "height": 1,
                    "row": 0,
                    "col": 12,
                    "enabled": true,
                    "moduleType": "switch"
                },
                "switch-01-00": {
                    "x": 0,
                    "y": 1,
                    "a": 0,
                    "width": 1,
                    "height": 1,
                    "row": 1,
                    "col": 0,
                    "enabled": true,
                    "moduleType": "switch"
                },
                "switch-01-01": {
                    "x": 1,
                    "y": 1,
                    "a": 0,
                    "width": 1,
                    "height": 1,
                    "row": 1,
                    "col": 1,
                    "enabled": true,
                    "moduleType": "switch"
                },
                "switch-01-02": {
                    "x": 2,
                    "y": 1,
                    "a": 0,
                    "width": 1,
                    "height": 1,
                    "row": 1,
                    "col": 2,
                    "enabled": true,
                    "moduleType": "switch"
                },
                "switch-01-03": {
                    "x": 3,
                    "y": 1,
                    "a": 0,
                    "width": 1,
                    "height": 1,
                    "row": 1,
                    "col": 3,
                    "enabled": true,
                    "moduleType": "switch"
                },
                "switch-01-04": {
                    "x": 4,
                    "y": 1,
                    "a": 0,
                    "width": 1,
                    "height": 1,
                    "row": 1,
                    "col": 4,
                    "enabled": true,
                    "moduleType": "switch"
                },
                "switch-01-05": {
                    "x": 5,
                    "y": 1,
                    "a": 0,
                    "width": 1,
                    "height": 1,
                    "row": 1,
                    "col": 5,
                    "enabled": true,
                    "moduleType": "switch"
                },
                "switch-01-06": {
                    "x": 6,
                    "y": 1,
                    "a": 0,
                    "width": 1,
                    "height": 1,
                    "row": 1,
                    "col": 6,
                    "enabled": true,
                    "moduleType": "switch"
                },
                "switch-01-07": {
                    "x": 7,
                    "y": 1,
                    "a": 0,
                    "width": 1,
                    "height": 1,
                    "row": 1,
                    "col": 7,
                    "enabled": true,
                    "moduleType": "switch"
                },
                "switch-01-08": {
                    "x": 8,
                    "y": 1,
                    "a": 0,
                    "width": 1,
                    "height": 1,
                    "row": 1,
                    "col": 8,
                    "enabled": true,
                    "moduleType": "switch"
                },
                "switch-01-09": {
                    "x": 9,
                    "y": 1,
                    "a": 0,
                    "width": 1,
                    "height": 1,
                    "row": 1,
                    "col": 9,
                    "enabled": true,
                    "moduleType": "switch"
                },
                "switch-01-10": {
                    "x": 10,
                    "y": 1,
                    "a": 0,
                    "width": 1,
                    "height": 1,
                    "row": 1,
                    "col": 10,
                    "enabled": true,
                    "moduleType": "switch"
                },
                "switch-01-11": {
                    "x": 11,
                    "y": 1,
                    "a": 0,
                    "width": 1,
                    "height": 1,
                    "row": 1,
                    "col": 11,
                    "enabled": true,
                    "moduleType": "switch"
                },
                "switch-01-12": {
                    "x": 12,
                    "y": 1,
                    "a": 0,
                    "width": 1,
                    "height": 1,
                    "row": 1,
                    "col": 12,
                    "enabled": true,
                    "moduleType": "switch"
                },
                "switch-02-00": {
                    "x": 0,
                    "y": 2,
                    "a": 0,
                    "width": 1,
                    "height": 1,
                    "row": 2,
                    "col": 0,
                    "enabled": true,
                    "moduleType": "switch"
                },
                "switch-02-01": {
                    "x": 1,
                    "y": 2,
                    "a": 0,
                    "width": 1,
                    "height": 1,
                    "row": 2,
                    "col": 1,
                    "enabled": true,
                    "moduleType": "switch"
                },
                "switch-02-02": {
                    "x": 2,
                    "y": 2,
                    "a": 0,
                    "width": 1,
                    "height": 1,
                    "row": 2,
                    "col": 2,
                    "enabled": true,
                    "moduleType": "switch"
                },
                "switch-02-03": {
                    "x": 3,
                    "y": 2,
                    "a": 0,
                    "width": 1,
                    "height": 1,
                    "row": 2,
                    "col": 3,
                    "enabled": true,
                    "moduleType": "switch"
                },
                "switch-02-04": {
                    "x": 4,
                    "y": 2,
                    "a": 0,
                    "width": 1,
                    "height": 1,
                    "row": 2,
                    "col": 4,
                    "enabled": true,
                    "moduleType": "switch"
                },
                "switch-02-05": {
                    "x": 5,
                    "y": 2,
                    "a": 0,
                    "width": 1,
                    "height": 1,
                    "row": 2,
                    "col": 5,
                    "enabled": true,
                    "moduleType": "switch"
                },
                "switch-02-06": {
                    "x": 6,
                    "y": 2,
                    "a": 0,
                    "width": 1,
                    "height": 1,
                    "row": 2,
                    "col": 6,
                    "enabled": true,
                    "moduleType": "switch"
                },
                "switch-02-07": {
                    "x": 7,
                    "y": 2,
                    "a": 0,
                    "width": 1,
                    "height": 1,
                    "row": 2,
                    "col": 7,
                    "enabled": true,
                    "moduleType": "switch"
                },
                "switch-02-08": {
                    "x": 8,
                    "y": 2,
                    "a": 0,
                    "width": 1,
                    "height": 1,
                    "row": 2,
                    "col": 8,
                    "enabled": true,
                    "moduleType": "switch"
                },
                "switch-02-09": {
                    "x": 9,
                    "y": 2,
                    "a": 0,
                    "width": 1,
                    "height": 1,
                    "row": 2,
                    "col": 9,
                    "enabled": true,
                    "moduleType": "switch"
                },
                "switch-02-10": {
                    "x": 10,
                    "y": 2,
                    "a": 0,
                    "width": 1,
                    "height": 1,
                    "row": 2,
                    "col": 10,
                    "enabled": true,
                    "moduleType": "switch"
                },
                "switch-02-11": {
                    "x": 11,
                    "y": 2,
                    "a": 0,
                    "width": 1,
                    "height": 1,
                    "row": 2,
                    "col": 11,
                    "enabled": true,
                    "moduleType": "switch"
                },
                "switch-02-12": {
                    "x": 12,
                    "y": 2,
                    "a": 0,
                    "width": 1,
                    "height": 1,
                    "row": 2,
                    "col": 12,
                    "enabled": true,
                    "moduleType": "switch"
                },
                "switch-03-00": {
                    "x": 0,
                    "y": 3,
                    "a": 0,
                    "width": 1,
                    "height": 1,
                    "row": 3,
                    "col": 0,
                    "enabled": true,
                    "moduleType": "switch"
                },
                "switch-03-01": {
                    "x": 1,
                    "y": 3,
                    "a": 0,
                    "width": 1,
                    "height": 1,
                    "row": 3,
                    "col": 1,
                    "enabled": true,
                    "moduleType": "switch"
                },
                "switch-03-02": {
                    "x": 2,
                    "y": 3,
                    "a": 0,
                    "width": 1,
                    "height": 1,
                    "row": 3,
                    "col": 2,
                    "enabled": true,
                    "moduleType": "switch"
                },
                "switch-03-03": {
                    "x": 3,
                    "y": 3,
                    "a": 0,
                    "width": 1,
                    "height": 1,
                    "row": 3,
                    "col": 3,
                    "enabled": true,
                    "moduleType": "switch"
                },
                "switch-03-04": {
                    "x": 4,
                    "y": 3,
                    "a": 0,
                    "width": 1,
                    "height": 1,
                    "row": 3,
                    "col": 4,
                    "enabled": true,
                    "moduleType": "switch"
                },
                "switch-03-05": {
                    "x": 5,
                    "y": 3,
                    "a": 0,
                    "width": 1,
                    "height": 1,
                    "row": 3,
                    "col": 5,
                    "enabled": true,
                    "moduleType": "switch"
                },
                "switch-03-06": {
                    "x": 6,
                    "y": 3,
                    "a": 0,
                    "width": 1,
                    "height": 1,
                    "row": 3,
                    "col": 6,
                    "enabled": true,
                    "moduleType": "switch"
                },
                "switch-03-07": {
                    "x": 7,
                    "y": 3,
                    "a": 0,
                    "width": 1,
                    "height": 1,
                    "row": 3,
                    "col": 7,
                    "enabled": true,
                    "moduleType": "switch"
                },
                "switch-03-08": {
                    "x": 8,
                    "y": 3,
                    "a": 0,
                    "width": 1,
                    "height": 1,
                    "row": 3,
                    "col": 8,
                    "enabled": true,
                    "moduleType": "switch"
                },
                "switch-03-09": {
                    "x": 9,
                    "y": 3,
                    "a": 0,
                    "width": 1,
                    "height": 1,
                    "row": 3,
                    "col": 9,
                    "enabled": true,
                    "moduleType": "switch"
                },
                "switch-03-10": {
                    "x": 10,
                    "y": 3,
                    "a": 0,
                    "width": 1,
                    "height": 1,
                    "row": 3,
                    "col": 10,
                    "enabled": true,
                    "moduleType": "switch"
                },
                "switch-03-11": {
                    "x": 11,
                    "y": 3,
                    "a": 0,
                    "width": 1,
                    "height": 1,
                    "row": 3,
                    "col": 11,
                    "enabled": true,
                    "moduleType": "switch"
                },
                "switch-03-12": {
                    "x": 12,
                    "y": 3,
                    "a": 0,
                    "width": 1,
                    "height": 1,
                    "row": 3,
                    "col": 12,
                    "enabled": true,
                    "moduleType": "switch"
                },
                "switch-04-00": {
                    "x": 0,
                    "y": 4,
                    "a": 0,
                    "width": 1,
                    "height": 1,
                    "row": 4,
                    "col": 0,
                    "enabled": true,
                    "moduleType": "switch"
                },
                "switch-04-01": {
                    "x": 1,
                    "y": 4,
                    "a": 0,
                    "width": 1,
                    "height": 1,
                    "row": 4,
                    "col": 1,
                    "enabled": true,
                    "moduleType": "switch"
                },
                "switch-04-02": {
                    "x": 2,
                    "y": 4,
                    "a": 0,
                    "width": 1,
                    "height": 1,
                    "row": 4,
                    "col": 2,
                    "enabled": true,
                    "moduleType": "switch"
                },
                "switch-04-03": {
                    "x": 3,
                    "y": 4,
                    "a": 0,
                    "width": 1,
                    "height": 1,
                    "row": 4,
                    "col": 3,
                    "enabled": true,
                    "moduleType": "switch"
                },
                "switch-04-04": {
                    "x": 4,
                    "y": 4,
                    "a": 0,
                    "width": 1,
                    "height": 1,
                    "row": 4,
                    "col": 4,
                    "enabled": true,
                    "moduleType": "switch"
                },
                "switch-04-05": {
                    "x": 5,
                    "y": 4,
                    "a": 0,
                    "width": 1,
                    "height": 1,
                    "row": 4,
                    "col": 5,
                    "enabled": true,
                    "moduleType": "switch"
                },
                "switch-04-06": {
                    "x": 6,
                    "y": 4,
                    "a": 0,
                    "width": 1,
                    "height": 1,
                    "row": 4,
                    "col": 6,
                    "enabled": true,
                    "moduleType": "switch"
                },
                "switch-04-07": {
                    "x": 7,
                    "y": 4,
                    "a": 0,
                    "width": 1,
                    "height": 1,
                    "row": 4,
                    "col": 7,
                    "enabled": true,
                    "moduleType": "switch"
                },
                "switch-04-08": {
                    "x": 8,
                    "y": 4,
                    "a": 0,
                    "width": 1,
                    "height": 1,
                    "row": 4,
                    "col": 8,
                    "enabled": true,
                    "moduleType": "switch"
                },
                "switch-04-09": {
                    "x": 9,
                    "y": 4,
                    "a": 0,
                    "width": 1,
                    "height": 1,
                    "row": 4,
                    "col": 9,
                    "enabled": true,
                    "moduleType": "switch"
                },
                "switch-04-10": {
                    "x": 10,
                    "y": 4,
                    "a": 0,
                    "width": 1,
                    "height": 1,
                    "row": 4,
                    "col": 10,
                    "enabled": true,
                    "moduleType": "switch"
                },
                "switch-04-11": {
                    "x": 11,
                    "y": 4,
                    "a": 0,
                    "width": 1,
                    "height": 1,
                    "row": 4,
                    "col": 11,
                    "enabled": true,
                    "moduleType": "switch"
                },
                "switch-04-12": {
                    "x": 12,
                    "y": 4,
                    "a": 0,
                    "width": 1,
                    "height": 1,
                    "row": 4,
                    "col": 12,
                    "enabled": true,
                    "moduleType": "switch"
                },
                "switch-05-00": {
                    "x": 0,
                    "y": 5,
                    "a": 0,
                    "width": 1,
                    "height": 1,
                    "row": 5,
                    "col": 0,
                    "enabled": true,
                    "moduleType": "switch"
                },
                "switch-05-01": {
                    "x": 1,
                    "y": 5,
                    "a": 0,
                    "width": 1,
                    "height": 1,
                    "row": 5,
                    "col": 1,
                    "enabled": true,
                    "moduleType": "switch"
                },
                "switch-05-02": {
                    "x": 2,
                    "y": 5,
                    "a": 0,
                    "width": 1,
                    "height": 1,
                    "row": 5,
                    "col": 2,
                    "enabled": true,
                    "moduleType": "switch"
                },
                "switch-05-03": {
                    "x": 3,
                    "y": 5,
                    "a": 0,
                    "width": 1,
                    "height": 1,
                    "row": 5,
                    "col": 3,
                    "enabled": true,
                    "moduleType": "switch"
                },
                "switch-05-04": {
                    "x": 4,
                    "y": 5,
                    "a": 0,
                    "width": 1,
                    "height": 1,
                    "row": 5,
                    "col": 4,
                    "enabled": true,
                    "moduleType": "switch"
                },
                "switch-05-05": {
                    "x": 5,
                    "y": 5,
                    "a": 0,
                    "width": 1,
                    "height": 1,
                    "row": 5,
                    "col": 5,
                    "enabled": true,
                    "moduleType": "switch"
                },
                "switch-05-06": {
                    "x": 6,
                    "y": 5,
                    "a": 0,
                    "width": 1,
                    "height": 1,
                    "row": 5,
                    "col": 6,
                    "enabled": true,
                    "moduleType": "switch"
                },
                "switch-05-07": {
                    "x": 7,
                    "y": 5,
                    "a": 0,
                    "width": 1,
                    "height": 1,
                    "row": 5,
                    "col": 7,
                    "enabled": true,
                    "moduleType": "switch"
                },
                "switch-05-08": {
                    "x": 8,
                    "y": 5,
                    "a": 0,
                    "width": 1,
                    "height": 1,
                    "row": 5,
                    "col": 8,
                    "enabled": true,
                    "moduleType": "switch"
                },
                "switch-05-09": {
                    "x": 9,
                    "y": 5,
                    "a": 0,
                    "width": 1,
                    "height": 1,
                    "row": 5,
                    "col": 9,
                    "enabled": true,
                    "moduleType": "switch"
                },
                "switch-05-10": {
                    "x": 10,
                    "y": 5,
                    "a": 0,
                    "width": 1,
                    "height": 1,
                    "row": 5,
                    "col": 10,
                    "enabled": true,
                    "moduleType": "switch"
                },
                "switch-05-11": {
                    "x": 11,
                    "y": 5,
                    "a": 0,
                    "width": 1,
                    "height": 1,
                    "row": 5,
                    "col": 11,
                    "enabled": true,
                    "moduleType": "switch"
                },
                "switch-05-12": {
                    "x": 12,
                    "y": 5,
                    "a": 0,
                    "width": 1,
                    "height": 1,
                    "row": 5,
                    "col": 12,
                    "enabled": true,
                    "moduleType": "switch"
                },
                "controller": {
                    "x": 3,
                    "y": 0,
                    "a": 0,
                    "width": 0,
                    "height": 1,
                    "row": 6,
                    "col": 0,
                    "enabled": true,
                    "moduleType": "controller"
                },
                "encoder": {
                    "x": 0,
                    "y": 0,
                    "a": 0,
                    "width": 1,
                    "height": 1,
                    "row": 6,
                    "col": 1,
                    "enabled": false,
                    "moduleType": "encoder"
                },
                "trackball": {
                    "x": 0,
                    "y": 0,
                    "a": 0,
                    "width": 2,
                    "height": 2,
                    "row": 6,
                    "col": 2,
                    "enabled": false,
                    "moduleType": "trackball"
                },
                "trackpad": {
                    "x": 0,
                    "y": 0,
                    "a": 0,
                    "width": 2,
                    "height": 2,
                    "row": 6,
                    "col": 3,
                    "enabled": false,
                    "moduleType": "trackpad",
                    "variant": "circle-30"
                },
                "switch-06-00": {
                    "x": 0.25,
                    "y": 6,
                    "a": 0,
                    "width": 1,
                    "height": 1,
                    "row": 6,
                    "col": 0,
                    "enabled": false,
                    "moduleType": "switch"
                },
                "switch-06-01": {
                    "x": 1.25,
                    "y": 6,
                    "a": 0,
                    "width": 1,
                    "height": 1,
                    "row": 6,
                    "col": 1,
                    "enabled": false,
                    "moduleType": "switch"
                },
                "switch-06-02": {
                    "x": 2.25,
                    "y": 6,
                    "a": 0,
                    "width": 1,
                    "height": 1,
                    "row": 6,
                    "col": 2,
                    "enabled": false,
                    "moduleType": "switch"
                },
                "switch-06-03": {
                    "x": 3.25,
                    "y": 6,
                    "a": 0,
                    "width": 1,
                    "height": 1,
                    "row": 6,
                    "col": 3,
                    "enabled": false,
                    "moduleType": "switch"
                }
            },
            "row": 6,
            "col": 13
        }
    },
    "case": {
        "topHeight": 11.5,
        "plateHeight": 5,
        "connectorHeight": 2.5,
        "switchBoardHeight": 1.6,
        "controllerBoardHeight": 1.6,
        "batteryHeight": 6.2,
        "partsHeight": 2.5,
        "usbHeight": 3.5,
        "bottomMinThickness": 1.8,
        "tiltingAngle": 6,
        "tentingAngle": 0,
        "topRim": 2.5,
        "bottomRim": 2.5,
        "chamferHeight": 10,
        "chamferAngle": 38,
        "switchEmbankment": 0,
        "snapDirection": "horizontal",
        "mountType": "integrated",
        "chamferType": "R",
        "lowerChamferHeight": 4.5,
        "cornerType": "default"
    }
}